_id,code,name,description,categoryCode,categoryName,applicable,notes,naNotes,plan,do,check,reqBusiness,reqContractual,reqlegal,norms
69e86e0bb0ef272e56b9a1f7,5.01,Politiche per la sicurezza delle informazioni,"Information security policy and topic-specific policies should be defined, approved by management, published, communicated to and acknowledged by relevant personnel and relevant interested parties, and reviewed at planned intervals and if significant changes occur.",5,Organizzativi,true,"Lâorganizzazione ha definito, implementato e mantiene un insieme strutturato di politiche per la sicurezza delle informazioni, formalizzate allâinterno del proprio sistema di gestione (ISMS).\n\nLe politiche coprono la protezione di tutti gli asset aziendali, inclusi:\n\ninfrastrutture IT e di rete (es. server cloud, rete interna, dispositivi client)\nsoftware e servizi (es. Google Workspace, sistemi di ticketing, strumenti di sviluppo)\ndati aziendali e dei clienti (contratti, codice sorgente, dati amministrativi)\nrisorse umane e competenze (know-how interno)\n\nLe politiche sono documentate e mantenute aggiornate (rif. asset A0037âA0038) e includono, tra le altre:\n\ncontrollo degli accessi ai sistemi e ai dati\ngestione degli asset e classificazione delle informazioni\nutilizzo accettabile delle risorse aziendali\ngestione delle credenziali e autenticazione\nprotezione dei dati dei clienti e del codice sorgente\ngestione dei fornitori e servizi terzi (es. cloud, software SaaS)\nmonitoraggio e logging (rif. asset A0035)\ngestione degli incidenti di sicurezza\n\nLâimplementazione Ã¨ supportata da:\n\nutilizzo di piattaforme centralizzate e controllate (es. Google Workspace, sistemi cloud)\nsegregazione degli ambienti e controllo degli accessi ai repository\ntracciamento delle attivitÃ  tramite sistemi di logging e audit\nuso di strumenti di collaborazione e ticketing per garantire tracciabilitÃ  operativa\n\nLe politiche sono coerenti con il modello organizzativo aziendale, che privilegia:\n\ncollaborazione continua e trasparenza\nrapiditÃ  di adattamento (approccio agile)\nresponsabilizzazione diretta delle risorse\n\nin linea con i principi operativi dellâazienda\n\nInfine:\n\nle politiche vengono comunicate a tutto il personale\nsono soggette a revisione periodica\nsono verificate tramite attivitÃ  di audit interno (rif. asset A0033)",,true,false,false,true,false,false,27001
69e86e0bb0ef272e56b9a19a,5.02,Ruoli e responsabilitÃ  per la sicurezza delle informazioni,Information security roles and responsibilities should be defined and allocated according to the organization needs.,5,Organizzativi,true,"Lâorganizzazione ha definito e formalizzato ruoli e responsabilitÃ  per la sicurezza delle informazioni, integrandoli nei principali processi aziendali.\n\nPer ciascun processo sono identificati:\n\nun Asset Owner, responsabile della gestione operativa e della protezione degli asset informativi\nun Risk Owner, responsabile della valutazione e del trattamento dei rischi\n\nI ruoli sono assegnati come segue:\n\nIT: Asset Owner Andrea Ruzzenenti (IT), Risk Owner Andrea Ruzzenenti (CEO)\nSoftware Development: Asset Owner Andrea Ruzzenenti (SD), Risk Owner Andrea Ruzzenenti (CEO)\nAmministrazione: Asset Owner Francesco Cappetti (AMM), Risk Owner Andrea Ruzzenenti (CEO)\nRisorse Umane: Asset Owner Francesco Cappetti (HR), Risk Owner Andrea Ruzzenenti (CEO)\nBusiness Development: Asset Owner Davide Ruzzenenti, Risk Owner Andrea Ruzzenenti (CEO)\n\nGli Asset Owner garantiscono la corretta gestione e protezione degli asset, applicando le politiche di sicurezza e segnalando eventuali criticitÃ .\n\nIl Risk Owner supervisiona i rischi a livello aziendale, valuta gli impatti e approva le azioni di mitigazione.\n\nI ruoli e le responsabilitÃ  sono comunicati alle risorse coinvolte e riesaminati periodicamente o in caso di cambiamenti organizzativi.",,true,true,false,true,false,true,27001
69e86e0bb0ef272e56b9a171,5.03,Separazione dei compiti,Conflicting duties and conflicting areas of responsibility should be segregated.,5,Organizzativi,true,"Lâorganizzazione riconosce che, data la dimensione e la struttura attuale, non Ã¨ sempre possibile garantire una completa separazione dei compiti e delle responsabilitÃ  tra le diverse funzioni.\n\nIn particolare, alcune figure chiave ricoprono piÃ¹ ruoli operativi e decisionali (es. gestione IT, sviluppo software e supervisione dei rischi), con potenziali sovrapposizioni tra responsabilitÃ  operative e di controllo.\n\nPer mitigare i rischi derivanti da tale situazione, lâorganizzazione ha adottato le seguenti misure:\n\ndefinizione formale di ruoli e responsabilitÃ  (Asset Owner e Risk Owner)\ntracciamento delle attivitÃ  tramite sistemi di logging e strumenti di ticketing\nutilizzo di repository e strumenti collaborativi con storico delle modifiche\nrevisione delle attivitÃ  critiche quando possibile (es. codice, configurazioni, accessi)\naudit interni periodici\n\nLâorganizzazione prevede, con la crescita e lâevoluzione della struttura, di migliorare progressivamente la separazione dei compiti, introducendo una maggiore distinzione tra ruoli operativi e di controllo.",,true,true,false,true,false,false,27001
69e86e0bb0ef272e56b9a1fa,5.04,ResponsabilitÃ  della direzione,"Management should require all personnel to apply information security in accordance with the established information security policy, topic-specific policies and procedures of the organization.",5,Organizzativi,true,"Lâorganizzazione garantisce che la direzione richieda attivamente a tutto il personale di operare nel rispetto delle politiche e delle procedure di sicurezza delle informazioni definite.\n\nLa responsabilitÃ  ultima della sicurezza delle informazioni Ã¨ in capo alla direzione, che:\n\ndefinisce e approva le politiche di sicurezza\nassicura che siano comunicate e comprese dal personale\npromuove una cultura aziendale orientata alla sicurezza\n\nIl personale Ã¨ tenuto ad applicare le politiche e le procedure di sicurezza nellâambito delle proprie attivitÃ  operative, in particolare per quanto riguarda:\n\nutilizzo degli strumenti aziendali\ngestione degli accessi e delle credenziali\nprotezione dei dati aziendali e dei clienti\nsviluppo e gestione del software\n\nLâadozione delle politiche Ã¨ supportata da:\n\nutilizzo di strumenti centralizzati e controllati (es. sistemi cloud, repository, piattaforme collaborative)\ntracciamento delle attivitÃ  tramite sistemi di logging e ticketing\nsupervisione diretta della direzione e dei responsabili di processo\n\nIl rispetto delle politiche Ã¨ verificato tramite attivitÃ  di monitoraggio e audit interni periodici.",,true,true,false,true,false,false,27001
69e86e0bb0ef272e56b9a19d,5.05,Contatti con le autoritÃ ,The organization should establish and maintain contact with relevant authorities.,5,Organizzativi,true,"Lâorganizzazione utilizza principalmente servizi cloud forniti da provider qualificati per la gestione dei dati aziendali e dei clienti (es. servizi di collaborazione, repository e infrastrutture).\n\nPur delegando parte delle misure tecniche di sicurezza ai fornitori, lâorganizzazione mantiene la responsabilitÃ  sulla gestione dei dati e sulla conformitÃ  normativa.\n\nSono stati identificati i principali riferimenti istituzionali per la gestione di eventuali incidenti di sicurezza, tra cui:\n\nil Garante per la Protezione dei Dati Personali\nle autoritÃ  competenti in materia di sicurezza informatica\n\nLa direzione Ã¨ responsabile della valutazione degli incidenti e dellâeventuale attivazione dei contatti con le autoritÃ , in conformitÃ  agli obblighi normativi applicabili.",,true,true,false,true,false,true,27001
69e86e0bb0ef272e56b9a1c3,5.06,Contatti con gruppi di interesse,The organization should establish and maintain contact with special interest groups or other specialist security forums and professional associations.,5,Organizzativi,true,"informazioni attraverso il monitoraggio di fonti pubbliche, documentazione tecnica e community professionali.\n\nIl personale tecnico partecipa attivamente a community di sviluppo software e tecnologia, e si aggiorna costantemente su best practice e vulnerabilitÃ  attraverso:\n\ndocumentazione ufficiale dei fornitori tecnologici\npiattaforme di sviluppo e collaborazione\nrisorse online e community tecniche\n\nData la natura dellâorganizzazione, non sono attualmente formalizzati rapporti con specifiche associazioni o gruppi strutturati di sicurezza, ma viene comunque garantito un aggiornamento continuo e informale sulle tematiche rilevanti.",,true,true,false,true,false,false,27001
69e86e0bb0ef272e56b9a1c4,5.07,Monitoraggio delle minacce,Information relating to information security threats should be collected and analysed to produce threat intelligence.,5,Organizzativi,true,"Lâorganizzazione monitora le minacce alla sicurezza delle informazioni attraverso lâanalisi di fonti informative rilevanti e lâutilizzo di tecnologie e servizi aggiornati.\n\nIn particolare, il monitoraggio Ã¨ effettuato tramite:\n\naggiornamenti e comunicazioni dei fornitori di servizi cloud e software utilizzati\ndocumentazione ufficiale e canali di sicurezza dei principali strumenti tecnologici adottati\ncommunity tecniche e risorse online relative allo sviluppo software e alla sicurezza\nattivitÃ  di sviluppo e manutenzione che includono aggiornamento delle dipendenze e verifica delle vulnerabilitÃ  note\n\nLe informazioni raccolte vengono valutate dal personale tecnico e dalla direzione al fine di identificare eventuali impatti sugli asset aziendali e definire le azioni necessarie.\n\nData la dimensione dellâorganizzazione, non Ã¨ presente un sistema strutturato di threat intelligence, ma Ã¨ comunque garantito un monitoraggio continuo e proporzionato ai rischi.",,true,true,false,true,false,false,27001
69e86e0bb0ef272e56b9a19f,5.08,Sicurezza delle informazioni nella gestione dei progetti,Information relating to information security threats should be collected and analysed to produce threat intelligence.,5,Organizzativi,true,"Lâorganizzazione integra la sicurezza delle informazioni nella gestione dei progetti, in particolare nei progetti di sviluppo software e nelle attivitÃ  tecniche.\n\nDurante le fasi di progettazione e sviluppo vengono considerate le principali esigenze di sicurezza, tra cui:\n\ngestione degli accessi ai sistemi e ai repository\nprotezione dei dati dei clienti e delle informazioni sensibili\nutilizzo di infrastrutture e servizi cloud sicuri\naggiornamento e manutenzione delle dipendenze software\n\nLe attivitÃ  progettuali sono gestite tramite strumenti di collaborazione e versionamento che garantiscono tracciabilitÃ  e controllo delle modifiche.\n\nIl personale tecnico applica buone pratiche di sviluppo sicuro e tiene conto delle implicazioni di sicurezza durante lâintero ciclo di vita del progetto.\n\nData la natura agile dellâorganizzazione, la sicurezza Ã¨ integrata in modo continuo nelle attivitÃ  operative, piuttosto che gestita come fase separata.",,true,true,false,true,false,true,27001
69e86e0bb0ef272e56b9a172,5.09,Inventario delle informazioni e degli altri asset associati,"An inventory of information and other associated assets, including owners, should be developed and maintained.",5,Organizzativi,true,"Lâorganizzazione ha definito e mantiene un inventario aggiornato degli asset informativi e degli altri asset associati.\n\nLâinventario include diverse categorie di asset, tra cui:\n\ninfrastrutture hardware e dispositivi\nsoftware e servizi (inclusi servizi cloud)\ndati aziendali e dei clienti\ndocumentazione e procedure\nrisorse umane e competenze\n\nPer ciascun asset sono identificati:\n\nuna classificazione e tipologia\nlo stato (attivo/inattivo)\nla localizzazione (es. sede, cloud)\nil responsabile della gestione (Asset Owner)\n\nLâinventario Ã¨ mantenuto aggiornato e riesaminato periodicamente, al fine di garantire una corretta gestione e protezione degli asset durante tutto il loro ciclo di vita.","Lâorganizzazione ha definito e mantiene un inventario aggiornato degli asset informativi e degli altri asset associati.\n\nLâinventario include diverse categorie di asset, tra cui:\n\ninfrastrutture hardware e dispositivi\nsoftware e servizi (inclusi servizi cloud)\ndati aziendali e dei clienti\ndocumentazione e procedure\nrisorse umane e competenze\n\nPer ciascun asset sono identificati:\n\nuna classificazione e tipologia\nlo stato (attivo/inattivo)\nla localizzazione (es. sede, cloud)\nil responsabile della gestione (Asset Owner)\n\nLâinventario Ã¨ mantenuto aggiornato e riesaminato periodicamente, al fine di garantire una corretta gestione e protezione degli asset durante tutto il loro ciclo di vita.",true,true,false,true,false,true,27001
69e86e0bb0ef272e56b9a1fb,5.10,Uso accettabile delle informazioni e degli altri asset associati,"Rules for the acceptable use and procedures for handling information and other associated assets should be identified, documented and implemented.",5,Organizzativi,true,"Lâorganizzazione ha definito e applica regole per lâutilizzo accettabile delle informazioni e degli asset aziendali, al fine di garantirne un uso corretto e sicuro.\n\nIl personale Ã¨ tenuto a utilizzare gli asset aziendali esclusivamente per scopi lavorativi e nel rispetto delle politiche di sicurezza definite.\n\nIn particolare:\n\nlâaccesso ai sistemi e ai dati Ã¨ consentito solo agli utenti autorizzati\nle credenziali di accesso devono essere mantenute riservate e non condivise\ni dati aziendali e dei clienti devono essere gestiti tramite strumenti e piattaforme approvate\nÃ¨ vietato lâutilizzo di strumenti non autorizzati per la gestione o la condivisione di informazioni aziendali\nÃ¨ richiesto il rispetto delle normative applicabili in materia di protezione dei dati\n\nLâutilizzo degli asset Ã¨ supportato da strumenti centralizzati e controllati (es. servizi cloud, repository, piattaforme collaborative), che garantiscono tracciabilitÃ  e controllo delle attivitÃ .\n\nLe regole di utilizzo sono comunicate al personale e fanno parte delle procedure operative dellâorganizzazione.",,true,true,false,true,false,true,27001
69e86e0bb0ef272e56b9a1fc,5.11,Restituzione degli asset,"Personnel and other interested parties as appropriate should return all the organizationâs assets in their possession upon change or termination of their employment, contract or agreement.",5,Organizzativi,true,"Lâorganizzazione prevede la restituzione degli asset aziendali da parte del personale e di eventuali collaboratori al termine o alla modifica del rapporto di lavoro o collaborazione.\n\nGli asset includono, a titolo esemplificativo:\n\ndispositivi hardware (es. PC, dispositivi mobili)\nsupporti di memorizzazione\nchiavi di accesso fisico agli uffici\ncredenziali e accessi ai sistemi informativi\n\nAlla cessazione del rapporto, vengono effettuate le seguenti attivitÃ :\n\nrestituzione degli asset fisici assegnati\nrevoca degli accessi ai sistemi e ai servizi aziendali\nverifica della corretta gestione delle informazioni aziendali\n\nLa gestione del processo Ã¨ affidata alla direzione e ai responsabili dei processi coinvolti (IT e Risorse Umane).","Lâorganizzazione prevede la restituzione degli asset aziendali da parte del personale e di eventuali collaboratori al termine o alla modifica del rapporto di lavoro o collaborazione.\n\nGli asset includono, a titolo esemplificativo:\n\ndispositivi hardware (es. PC, dispositivi mobili)\nsupporti di memorizzazione\nchiavi di accesso fisico agli uffici\ncredenziali e accessi ai sistemi informativi\n\nAlla cessazione del rapporto, vengono effettuate le seguenti attivitÃ :\n\nrestituzione degli asset fisici assegnati\nrevoca degli accessi ai sistemi e ai servizi aziendali\nverifica della corretta gestione delle informazioni aziendali\n\nLa gestione del processo Ã¨ affidata alla direzione e ai responsabili dei processi coinvolti (IT e Risorse Umane).",true,true,false,true,false,false,27001
69e86e0bb0ef272e56b9a174,5.12,Classificazione delle informazioni,"Information should be classified according to the information security needs of the organization based on confidentiality, integrity, availability and relevant interested party requirements.",5,Organizzativi,true,"Lâorganizzazione riconosce lâimportanza della classificazione delle informazioni in base ai requisiti di riservatezza, integritÃ  e disponibilitÃ .\n\nAttualmente, le informazioni sono gestite attraverso strumenti e piattaforme centralizzate che garantiscono un controllo degli accessi e una protezione adeguata dei dati.\n\nNon Ã¨ ancora formalizzato uno schema strutturato di classificazione delle informazioni.\n\nÃ pianificata lâintroduzione di un sistema di classificazione basato su livelli (es. pubblico, interno, riservato), al fine di migliorare la gestione e la protezione delle informazioni aziendali e dei dati dei clienti.",,true,false,false,true,false,true,27001
69e86e0bb0ef272e56b9a1fd,5.13,Etichettatura delle informazioni,An appropriate set of procedures for information labelling should be developed and implemented in accordance with the information classification scheme adopted by the organization.,5,Organizzativi,true,"Lâorganizzazione applica modalitÃ  di etichettatura delle informazioni coerenti con la classificazione adottata.\n\nLe informazioni sono gestite secondo livelli di classificazione (es. pubblico, interno, riservato), che vengono riflessi nelle modalitÃ  di gestione e accesso ai dati.\n\nLâetichettatura non Ã¨ sempre esplicita tramite marcature formali, ma Ã¨ implementata attraverso:\n\ncontrollo degli accessi ai sistemi e ai repository\norganizzazione dei dati in ambienti e strumenti distinti\ngestione dei permessi in base al ruolo\n\nIn questo modo, le informazioni sono trattate in maniera coerente con il loro livello di sensibilitÃ .",,true,false,false,true,false,true,27001
69e86e0bb0ef272e56b9a175,5.14,Trasferimento delle informazioni,"Information transfer rules, procedures, or agreements should be in place for all types of transfer facilities within the organization and between the organization and other parties.",5,Organizzativi,true,"Lâorganizzazione utilizza procedure e strumenti controllati per il trasferimento delle informazioni sia internamente sia verso soggetti esterni.\n\nIl trasferimento delle informazioni avviene principalmente tramite:\n\nservizi cloud e piattaforme collaborative approvate\nrepository di sviluppo software con controllo degli accessi\nsistemi di comunicazione e condivisione documentale aziendali\n\nLe informazioni vengono trasferite secondo il principio del minimo accesso necessario e nel rispetto della classificazione delle informazioni.\n\nPer i dati e i contenuti sensibili, lâorganizzazione limita lâutilizzo di strumenti non autorizzati e utilizza piattaforme gestite da fornitori qualificati.\n\nI rapporti con clienti, fornitori e collaboratori prevedono il rispetto della riservatezza delle informazioni condivise e delle misure di sicurezza applicabili.",,false,true,false,true,true,true,27001
69e86e0bb0ef272e56b9a177,5.15,Controllo degli accessi,Rules to control physical and logical access to information and other associated assets should be established and implemented based on business and information security requirements.,5,Organizzativi,true,"Lâorganizzazione ha definito e applica regole per il controllo degli accessi fisici e logici alle informazioni e agli asset associati, in funzione delle esigenze operative e dei requisiti di sicurezza.\n\nLâaccesso ai sistemi, ai servizi cloud, ai repository e alle informazioni aziendali Ã¨ consentito esclusivamente agli utenti autorizzati, sulla base del ruolo e delle necessitÃ  operative.\n\nLe misure adottate includono:\n\ngestione centralizzata degli account e delle credenziali\nutilizzo di repository e piattaforme collaborative con controllo degli accessi\nlimitazione degli accessi alle sole risorse necessarie\nrevoca degli accessi in caso di cessazione o modifica del rapporto di lavoro o collaborazione\ncontrollo degli accessi fisici agli uffici e agli asset aziendali\n\nLâorganizzazione utilizza principalmente servizi cloud e piattaforme gestite da fornitori qualificati, che forniscono ulteriori misure di sicurezza e autenticazione.\n\nLe autorizzazioni vengono gestite dai responsabili dei processi e riesaminate quando necessario.",,true,true,false,true,false,true,27001
69e86e0bb0ef272e56b9a1a1,5.16,Gestione delle identitÃ ,The full life cycle of identities should be managed.,5,Organizzativi,true,"Lâorganizzazione gestisce il ciclo di vita delle identitÃ  digitali associate al personale e ai collaboratori che accedono ai sistemi e agli asset aziendali.\n\nLe identitÃ  vengono create, modificate e revocate in funzione delle esigenze operative e dei cambiamenti nel rapporto di lavoro o collaborazione.\n\nLa gestione include:\n\ncreazione di account individuali per lâaccesso ai servizi aziendali\nassegnazione dei permessi in base al ruolo e alle necessitÃ  operative\naggiornamento o revoca degli accessi in caso di variazioni organizzative\ndisattivazione degli account non piÃ¹ necessari\n\nLâaccesso ai principali sistemi aziendali avviene tramite piattaforme centralizzate e servizi cloud che consentono la gestione controllata delle identitÃ  e delle autorizzazioni.\n\nLa supervisione della gestione delle identitÃ  Ã¨ affidata ai responsabili dei processi e alla direzione.",,false,true,false,true,false,true,27001
69e86e0bb0ef272e56b9a1ff,5.17,Informazioni di autenticazione,"Allocation and management of authentication information should be controlled by a management process, including advising personnel on the appropriate handling of authentication information.",5,Organizzativi,true,"Lâorganizzazione gestisce le informazioni di autenticazione attraverso procedure e pratiche finalizzate a garantirne la riservatezza e il corretto utilizzo.\n\nLe credenziali di accesso ai sistemi e ai servizi aziendali sono assegnate individualmente agli utenti autorizzati e devono essere mantenute riservate.\n\nIl personale Ã¨ informato sulle corrette modalitÃ  di gestione delle credenziali, inclusi:\n\ndivieto di condivisione delle password\nutilizzo di password adeguate e non riutilizzate\nprotezione delle informazioni di autenticazione da accessi non autorizzati\n\nOve disponibile, vengono utilizzati meccanismi di autenticazione avanzata, inclusa lâautenticazione multifattore (MFA), tramite i servizi cloud e le piattaforme adottate dallâorganizzazione.\n\nLe informazioni di autenticazione eventualmente conservate localmente sono protette tramite sistemi di cifratura dei dispositivi aziendali e strumenti di gestione sicura delle credenziali.\n\nLe credenziali e gli accessi vengono aggiornati o revocati in caso di modifica o cessazione del rapporto di lavoro o collaborazione.",,false,true,false,true,false,true,27001
69e86e0bb0ef272e56b9a1c5,5.18,Diritti di accesso,"Access rights to information and other associated assets should be provisioned, reviewed, modified and removed in accordance with the organizationâs topic-specific policy on and rules for access control.",5,Organizzativi,true,"Lâorganizzazione gestisce i diritti di accesso alle informazioni e agli asset associati in funzione dei ruoli e delle necessitÃ  operative.\n\nGli accessi ai sistemi, ai servizi cloud, ai repository e agli strumenti aziendali vengono assegnati esclusivamente agli utenti autorizzati, secondo il principio del minimo privilegio necessario.\n\nLa gestione dei diritti di accesso include:\n\nassegnazione iniziale degli accessi in base al ruolo\nmodifica dei permessi in caso di variazioni operative o organizzative\nrevoca degli accessi in caso di cessazione del rapporto di lavoro o collaborazione\nrevisione degli accessi quando necessario\n\nLâorganizzazione utilizza piattaforme e servizi centralizzati che consentono il controllo delle autorizzazioni e la gestione degli accessi agli asset informativi.\n\nLa supervisione dei diritti di accesso Ã¨ affidata ai responsabili dei processi e alla direzione.",,false,true,false,true,false,true,27001
69e86e0bb0ef272e56b9a1a4,5.19,Sicurezza delle informazioni nelle relazioni con i fornitori,Processes and procedures should be defined and implemented to manage the information security risks associated with the use of supplierâs products or services.,5,Organizzativi,true,"Lâorganizzazione gestisce i rischi legati alla sicurezza delle informazioni associati ai prodotti e ai servizi forniti da terze parti e fornitori esterni.\n\nI servizi e le piattaforme utilizzate vengono selezionati privilegiando fornitori qualificati e ampiamente riconosciuti, in particolare per quanto riguarda:\n\ninfrastrutture cloud\nservizi di collaborazione e produttivitÃ \nrepository e strumenti di sviluppo\npiattaforme software e servizi SaaS\n\nNella gestione dei fornitori vengono considerate:\n\naffidabilitÃ  del fornitore\nmisure di sicurezza offerte dal servizio\ngestione degli accessi e delle autorizzazioni\nprotezione dei dati aziendali e dei clienti\ncontinuitÃ  operativa del servizio\n\nLâorganizzazione limita lâutilizzo di strumenti e servizi non autorizzati per il trattamento delle informazioni aziendali.\n\nLa supervisione delle relazioni con i fornitori e dei relativi rischi Ã¨ affidata alla direzione e ai responsabili dei processi coinvolti.","Lâorganizzazione gestisce i rischi legati alla sicurezza delle informazioni associati ai prodotti e ai servizi forniti da terze parti e fornitori esterni.\n\nI servizi e le piattaforme utilizzate vengono selezionati privilegiando fornitori qualificati e ampiamente riconosciuti, in particolare per quanto riguarda:\n\ninfrastrutture cloud\nservizi di collaborazione e produttivitÃ \nrepository e strumenti di sviluppo\npiattaforme software e servizi SaaS\n\nNella gestione dei fornitori vengono considerate:\n\naffidabilitÃ  del fornitore\nmisure di sicurezza offerte dal servizio\ngestione degli accessi e delle autorizzazioni\nprotezione dei dati aziendali e dei clienti\ncontinuitÃ  operativa del servizio\n\nLâorganizzazione limita lâutilizzo di strumenti e servizi non autorizzati per il trattamento delle informazioni aziendali.\n\nLa supervisione delle relazioni con i fornitori e dei relativi rischi Ã¨ affidata alla direzione e ai responsabili dei processi coinvolti.",true,true,false,true,false,true,27001
69e86e0bb0ef272e56b9a179,5.20,Sicurezza delle informazioni negli accordi con i fornitori,Relevant information security requirements should be established and agreed with each supplier based on the type of supplier relationship.,5,Organizzativi,true,"Lâorganizzazione definisce requisiti di sicurezza delle informazioni proporzionati alla tipologia di rapporto con fornitori, collaboratori e prestatori di servizi esterni.\n\nI requisiti di sicurezza vengono considerati nella selezione e nellâutilizzo dei fornitori che trattano informazioni aziendali o forniscono servizi critici, in particolare per:\n\nservizi cloud e infrastrutture IT\nstrumenti di collaborazione e sviluppo software\nservizi SaaS e piattaforme esterne\n\nI rapporti con i fornitori prevedono, ove applicabile:\n\nlimitazione degli accessi alle sole risorse necessarie\nutilizzo di account e credenziali controllate\nrispetto della riservatezza delle informazioni condivise\nutilizzo di piattaforme e strumenti autorizzati dallâorganizzazione\n\nPer i servizi forniti da provider qualificati, lâorganizzazione fa inoltre riferimento alle misure di sicurezza e alle condizioni contrattuali messe a disposizione dai fornitori stessi.\n\nLa supervisione dei rapporti con i fornitori Ã¨ affidata alla direzione e ai responsabili dei processi coinvolti.",,true,true,false,true,true,true,27001
69e86e0bb0ef272e56b9a1c7,5.21,Sicurezza delle informazioni nella filiera di fornitura ICT,Processes and procedures should be defined and implemented to manage the information security risks associated with the ICT products and services supply chain.,5,Organizzativi,true,"Lâorganizzazione gestisce i rischi di sicurezza delle informazioni associati alla filiera di fornitura ICT attraverso la selezione e lâutilizzo controllato di prodotti e servizi tecnologici.\n\nLâinfrastruttura aziendale si basa prevalentemente su servizi e piattaforme fornite da provider qualificati e ampiamente riconosciuti, inclusi:\n\nservizi cloud\nstrumenti di collaborazione e produttivitÃ \nrepository e piattaforme di sviluppo software\nsistemi operativi e strumenti di sviluppo\nservizi SaaS e servizi AI/LLM\n\nNella gestione della supply chain ICT vengono considerate:\n\naffidabilitÃ  e reputazione dei fornitori\naggiornamento e manutenzione dei componenti software\ngestione delle vulnerabilitÃ  note e degli aggiornamenti di sicurezza\ncontrollo degli accessi ai servizi e alle piattaforme utilizzate\ncontinuitÃ  e disponibilitÃ  dei servizi critici\n\nLâorganizzazione limita lâutilizzo di componenti, strumenti o servizi non autorizzati e monitora periodicamente i servizi ICT utilizzati nei processi aziendali.\n\nLa supervisione dei rischi associati alla filiera ICT Ã¨ affidata alla direzione e ai responsabili dei processi tecnici coinvolti.",,true,true,false,true,true,true,27001
69e86e0bb0ef272e56b9a1c9,5.22,"Monitoraggio, riesame e gestione dei cambiamenti dei servizi dei fornitori","The organization should regularly monitor, review, evaluate and manage change in supplier information security practices and service delivery",5,Organizzativi,true,"Lâorganizzazione monitora e riesamina periodicamente i servizi e le piattaforme fornite da terze parti che supportano i processi aziendali e il trattamento delle informazioni.\n\nIl monitoraggio riguarda principalmente:\n\ncontinuitÃ  e disponibilitÃ  dei servizi\naggiornamenti rilevanti dei servizi utilizzati\nmodifiche che possano avere impatti sulla sicurezza o sullâoperativitÃ \ngestione degli accessi e delle autorizzazioni\n\nLâorganizzazione utilizza prevalentemente servizi e piattaforme fornite da provider qualificati e consolidati, per i quali vengono seguite le comunicazioni ufficiali relative a sicurezza, aggiornamenti e modifiche dei servizi.\n\nEventuali cambiamenti rilevanti vengono valutati dal personale tecnico e dalla direzione al fine di verificare possibili impatti sugli asset aziendali e sulle modalitÃ  operative.",,false,true,false,true,true,true,27001
69e86e0bb0ef272e56b9a17b,5.23,Sicurezza delle informazioni per lâuso dei servizi cloud,"Processes for acquisition, use, management and exit from cloud services should be established in accordance with the organizationâs information security requirements.",5,Organizzativi,true,"Lâorganizzazione utilizza servizi cloud per supportare le attivitÃ  operative, collaborative e di sviluppo software, adottando misure proporzionate ai requisiti di sicurezza delle informazioni.\nLâacquisizione e lâutilizzo dei servizi cloud avvengono privilegiando fornitori qualificati e ampiamente riconosciuti, valutando:\n\n\naffidabilitÃ  del servizio\n\n\nmisure di sicurezza offerte dal provider\n\n\ngestione degli accessi e delle autorizzazioni\n\n\ncontinuitÃ  e disponibilitÃ  del servizio\n\n\nprotezione dei dati aziendali e dei clienti\n\n\nI servizi cloud utilizzati sono gestiti tramite account controllati e accessi autorizzati, secondo il principio del minimo privilegio necessario.\nLâorganizzazione monitora i principali cambiamenti relativi ai servizi cloud utilizzati e valuta eventuali impatti operativi o di sicurezza.\nIn caso di cessazione o sostituzione di un servizio cloud, vengono gestite la revoca degli accessi e la conservazione o migrazione delle informazioni rilevanti.\nLa supervisione dei servizi cloud Ã¨ affidata alla direzione e ai responsabili dei processi tecnici coinvolti.","Lâorganizzazione utilizza servizi cloud per supportare le attivitÃ  operative, collaborative e di sviluppo software, adottando misure proporzionate ai requisiti di sicurezza delle informazioni.\nLâacquisizione e lâutilizzo dei servizi cloud avvengono privilegiando fornitori qualificati e ampiamente riconosciuti, valutando:\n\n\naffidabilitÃ  del servizio\n\n\nmisure di sicurezza offerte dal provider\n\n\ngestione degli accessi e delle autorizzazioni\n\n\ncontinuitÃ  e disponibilitÃ  del servizio\n\n\nprotezione dei dati aziendali e dei clienti\n\n\nI servizi cloud utilizzati sono gestiti tramite account controllati e accessi autorizzati, secondo il principio del minimo privilegio necessario.\nLâorganizzazione monitora i principali cambiamenti relativi ai servizi cloud utilizzati e valuta eventuali impatti operativi o di sicurezza.\nIn caso di cessazione o sostituzione di un servizio cloud, vengono gestite la revoca degli accessi e la conservazione o migrazione delle informazioni rilevanti.\nLa supervisione dei servizi cloud Ã¨ affidata alla direzione e ai responsabili dei processi tecnici coinvolti.",false,true,false,true,false,false,27001
69e86e0bb0ef272e56b9a1ca,5.24,Pianificazione e preparazione per la gestione degli incidenti relativi alla sicurezza delle informazioni,"The organization should plan and prepare for managing information security incidents by defining, establishing and communicating information security incident management processes, roles and responsibilities.",5,Organizzativi,true,"Lâorganizzazione ha definito modalitÃ  operative per la gestione degli incidenti relativi alla sicurezza delle informazioni, proporzionate alla propria dimensione e struttura organizzativa.\n\nLa gestione degli incidenti Ã¨ supervisionata dalla direzione e dai responsabili dei processi tecnici coinvolti.\n\nIn caso di incidente di sicurezza, lâorganizzazione prevede:\n\nidentificazione e segnalazione dellâevento\nvalutazione dellâimpatto sugli asset e sulle informazioni aziendali\ngestione e contenimento dellâincidente\neventuale ripristino dellâoperativitÃ \nanalisi dellâevento e definizione di eventuali azioni correttive\n\nLe attivitÃ  sono supportate da:\n\nsistemi di logging e tracciamento delle attivitÃ \nutilizzo di piattaforme e servizi cloud gestiti da provider qualificati\ncontrollo degli accessi e gestione centralizzata degli account\n\nLâorganizzazione non ha registrato incidenti significativi relativi alla sicurezza delle informazioni, ma mantiene comunque un approccio di monitoraggio e preparazione proporzionato ai rischi identificati.",,false,true,false,true,false,true,27001
69e86e0bb0ef272e56b9a17c,5.25,Valutazione e decisione sugli eventi relativi alla sicurezza delle informazioni,The organization should assess information security events and decide if they are to be categorized as information security incidents.,5,Organizzativi,true,"Lâorganizzazione valuta gli eventi relativi alla sicurezza delle informazioni al fine di determinare se debbano essere classificati come incidenti di sicurezza.\n\nGli eventi possono essere identificati tramite:\n\nanomalie operative\nproblemi di accesso ai sistemi\nnotifiche provenienti dai servizi cloud e dalle piattaforme utilizzate\nsegnalazioni del personale o dei collaboratori\nattivitÃ  di monitoraggio e logging\n\nGli eventi rilevati vengono analizzati dal personale tecnico e dalla direzione, considerando:\n\nimpatto sugli asset aziendali e sulle informazioni\npossibile compromissione di riservatezza, integritÃ  o disponibilitÃ \nnecessitÃ  di azioni correttive o di contenimento\n\nQualora un evento venga ritenuto rilevante per la sicurezza delle informazioni, viene gestito come incidente secondo le modalitÃ  operative definite dallâorganizzazione.",,false,true,false,true,false,true,27001
69e86e0bb0ef272e56b9a1a6,5.26,Risposta agli incidenti relativi alla sicurezza delle informazioni,Information security incidents should be responded to in accordance with the documented procedures.,5,Organizzativi,true,"Lâorganizzazione gestisce gli incidenti relativi alla sicurezza delle informazioni secondo modalitÃ  operative definite e proporzionate alla propria struttura organizzativa.\n\nIn caso di incidente di sicurezza, vengono svolte le seguenti attivitÃ :\n\nidentificazione e segnalazione dellâevento\nvalutazione dellâimpatto e della criticitÃ \ncontenimento dellâincidente e protezione degli asset coinvolti\neventuale revoca o limitazione degli accessi interessati\nripristino dellâoperativitÃ  e verifica della corretta risoluzione\nanalisi dellâevento e definizione di eventuali azioni correttive\n\nLa gestione degli incidenti coinvolge la direzione e i responsabili dei processi tecnici interessati.\n\nLe attivitÃ  sono supportate da sistemi di logging, controllo degli accessi e utilizzo di servizi cloud e piattaforme gestite da fornitori qualificati.\n\nLâorganizzazione non ha registrato incidenti significativi relativi alla sicurezza delle informazioni, ma mantiene comunque procedure operative per garantire una risposta tempestiva ed efficace in caso di necessitÃ .",,false,true,false,true,false,true,27001
69e86e0bb0ef272e56b9a1a8,5.27,Apprendimento dagli incidenti relativi alla sicurezza delle informazioni,Knowledge gained from information security incidents should be used to strengthen and improve the information security controls.,5,Organizzativi,true,"Lâorganizzazione utilizza le informazioni derivanti da eventi e incidenti relativi alla sicurezza delle informazioni per migliorare progressivamente le misure di sicurezza e le modalitÃ  operative.\nEventuali anomalie, problemi operativi o incidenti vengono analizzati dal personale tecnico e dalla direzione al fine di:\n\n\nidentificare le cause dellâevento\n\n\nvalutare eventuali impatti sugli asset aziendali\n\n\ndefinire azioni correttive o migliorative\n\n\nridurre la probabilitÃ  di eventi analoghi futuri\n\n\nLe conoscenze acquisite vengono utilizzate per aggiornare, ove necessario:\n\n\nconfigurazioni e controlli di sicurezza\n\n\ngestione degli accessi e delle autorizzazioni\n\n\nmodalitÃ  operative e procedure interne\n\n\nutilizzo degli strumenti e dei servizi adottati\n\n\nLâorganizzazione non ha registrato incidenti significativi relativi alla sicurezza delle informazioni, ma applica comunque un approccio orientato al miglioramento continuo e alla prevenzione dei rischi.",,false,true,false,true,false,true,27001
69e86e0bb0ef272e56b9a201,5.28,Raccolta di prove,"The organization should establish and implement procedures for the identification, collection, acquisition and preservation of evidence related to information security events.",5,Organizzativi,true,"Lâorganizzazione riconosce lâimportanza della raccolta e conservazione delle evidenze relative agli eventi e agli incidenti di sicurezza delle informazioni.\n\nAttualmente, le informazioni utili allâanalisi degli eventi sono principalmente ottenute tramite:\n\nsistemi di logging e tracciamento delle attivitÃ \nservizi cloud e piattaforme utilizzate dallâorganizzazione\nrepository e strumenti collaborativi\n\nNon Ã¨ ancora stato formalizzato un processo strutturato per la raccolta, acquisizione e conservazione delle evidenze con finalitÃ  forensi.\n\nLâorganizzazione prevede di definire procedure proporzionate alla propria dimensione e ai rischi identificati, al fine di migliorare la gestione e la conservazione delle evidenze relative agli incidenti di sicurezza delle informazioni.",,true,false,false,true,false,true,27001
69e86e0bb0ef272e56b9a1cc,5.29,Sicurezza delle informazioni durante le interruzioni,The organization should plan how to maintain information security at an appropriate level during disruption.,5,Organizzativi,true,"Lâorganizzazione adotta misure proporzionate per mantenere un adeguato livello di sicurezza delle informazioni anche in caso di interruzioni o problemi operativi.\n\nLe attivitÃ  aziendali si basano prevalentemente su servizi cloud e piattaforme gestite da provider qualificati, che garantiscono elevati livelli di disponibilitÃ , protezione dei dati e continuitÃ  operativa.\n\nIn caso di interruzioni o malfunzionamenti, lâorganizzazione prevede:\n\nutilizzo di piattaforme e servizi alternativi ove necessario\ncontrollo degli accessi e protezione delle informazioni durante le attivitÃ  di ripristino\nverifica della disponibilitÃ  dei dati e dei repository utilizzati nei processi operativi\ncoordinamento tra direzione e personale tecnico per la gestione delle problematiche operative\n\nLâorganizzazione mantiene un approccio proporzionato alla propria dimensione e alla natura delle attivitÃ  svolte.",,false,true,false,true,false,true,27001
69e86e0bb0ef272e56b9a203,5.30,Preparazione dellâICT per la continuitÃ  operativa,"ICT readiness should be planned, implemented, maintained and tested based on business continuity objectives and ICT continuity requirements.",5,Organizzativi,true,"Lâorganizzazione riconosce lâimportanza della continuitÃ  operativa dei sistemi ICT a supporto delle attivitÃ  aziendali.\n\nLâoperativitÃ  aziendale si basa prevalentemente su servizi cloud e piattaforme gestite da provider qualificati, che forniscono misure di disponibilitÃ , backup e continuitÃ  del servizio.\n\nAttualmente, non Ã¨ presente un piano formalizzato e testato di continuitÃ  ICT interno.\n\nLâorganizzazione prevede di definire progressivamente misure e procedure proporzionate alla propria dimensione e ai rischi identificati, con particolare attenzione a:\n\ndisponibilitÃ  dei servizi critici\naccessibilitÃ  dei dati e dei repository\ngestione delle interruzioni operative\nripristino degli accessi e delle attivitÃ  essenziali\n\nLe esigenze di continuitÃ  ICT vengono comunque considerate nella selezione dei servizi cloud e dei fornitori tecnologici utilizzati.",,true,false,false,true,false,false,27001
69e86e0bb0ef272e56b9a1cd,5.31,"Requisiti legali, statutari, regolamentari e contrattuali","Legal, statutory, regulatory and contractual requirements relevant to information security and the organizationâs approach to meet these requirements should be identified, documented and kept up to date",5,Organizzativi,true,"Lâorganizzazione identifica e gestisce i requisiti legali, normativi, regolamentari e contrattuali rilevanti per la sicurezza delle informazioni.\n\nIn particolare, sono considerati:\n\nobblighi in materia di protezione dei dati personali (es. GDPR)\nrequisiti contrattuali con clienti e fornitori\nnormative applicabili alla gestione dei dati aziendali e amministrativi\ncondizioni di utilizzo dei servizi e delle piattaforme adottate\n\nI requisiti vengono gestiti attraverso:\n\nutilizzo di strumenti e piattaforme conformi e forniti da provider qualificati\ngestione controllata degli accessi e delle informazioni\nrispetto delle clausole di riservatezza nei rapporti con clienti e collaboratori\nsupervisione da parte della direzione e dei responsabili dei processi\n\nLâorganizzazione mantiene un approccio proporzionato alla propria dimensione e aggiorna le proprie pratiche in funzione dei requisiti applicabili.",,false,true,false,true,true,true,27001
69e86e0bb0ef272e56b9a204,5.32,Diritti di proprietÃ  intellettuale,The organization should implement appropriate procedures to protect intellectual property rights.,5,Organizzativi,true,"Lâorganizzazione protegge i diritti di proprietÃ  intellettuale relativi agli asset informativi e al software sviluppato o gestito.\n\nIn particolare, sono considerate:\n\nproprietÃ  intellettuale dellâorganizzazione (es. codice sorgente, know-how tecnico, documentazione interna)\nproprietÃ  intellettuale dei clienti gestita nellâambito dei progetti\nlicenze software e condizioni di utilizzo degli strumenti adottati\n\nLa protezione della proprietÃ  intellettuale Ã¨ garantita attraverso:\n\ncontrollo degli accessi ai repository di codice e ai sistemi informativi\nutilizzo di piattaforme centralizzate con gestione dei permessi (es. repository di sviluppo, strumenti collaborativi)\nrispetto delle clausole contrattuali e degli accordi di riservatezza (NDA) con clienti e collaboratori\ngestione controllata del codice sorgente e delle informazioni tecniche durante lâintero ciclo di vita dei progetti\n\nLâorganizzazione utilizza software e servizi nel rispetto delle relative licenze e condizioni dâuso.\n\nLa supervisione delle attivitÃ  Ã¨ affidata alla direzione e ai responsabili dei processi coinvolti.",,false,true,false,true,true,true,27001
69e86e0bb0ef272e56b9a17d,5.33,Protezione delle registrazioni,"Records should be protected from loss, destruction, falsification, unauthorized access and unauthorized release.",5,Organizzativi,true,"Lâorganizzazione riconosce lâimportanza della protezione delle registrazioni e delle informazioni documentate rilevanti per le attivitÃ  aziendali.\n\nLe registrazioni includono, tra le altre:\n\ndati amministrativi e contrattuali\ndocumentazione tecnica e operativa\ninformazioni relative ai progetti e allo sviluppo software\nlog e informazioni generate dai sistemi utilizzati\n\nAttualmente, le registrazioni sono gestite attraverso strumenti e piattaforme centralizzate (es. servizi cloud, repository, sistemi collaborativi), che garantiscono un adeguato livello di protezione e controllo degli accessi.\n\nNon Ã¨ ancora formalizzato un sistema completo di gestione delle registrazioni, in particolare per quanto riguarda:\n\nraccolta strutturata dei log\nconservazione e retention delle informazioni\ntracciabilitÃ  completa degli eventi (audit trail)\n\nLâorganizzazione prevede di definire e implementare procedure proporzionate alla propria dimensione per migliorare la gestione, la protezione e la conservazione delle registrazioni.",,true,false,false,true,false,true,27001
69e86e0bb0ef272e56b9a1a9,5.34,Privacy e protezione dei dati personali,The organization should identify and meet the requirements regarding the preservation of privacy and protection of PII according to applicable laws and regulations and contractual requirements.,5,Organizzativi,true,"Lâorganizzazione gestisce e protegge i dati personali trattati nellâambito delle proprie attivitÃ , in conformitÃ  ai requisiti normativi applicabili (es. GDPR).\n\nI dati personali trattati includono, a titolo esemplificativo:\n\ndati di clienti e contatti aziendali\ndati amministrativi e contrattuali\ndati relativi a fornitori e collaboratori\nCV e informazioni raccolte nei processi di selezione\n\nLa protezione dei dati personali Ã¨ garantita attraverso:\n\nutilizzo di servizi e piattaforme cloud fornite da provider qualificati\ncontrollo degli accessi ai sistemi e alle informazioni\ngestione dei dati tramite strumenti autorizzati e centralizzati\nrispetto delle clausole contrattuali e degli obblighi di riservatezza\nlimitazione dellâaccesso ai dati in base al ruolo e alle necessitÃ  operative\n\nLâorganizzazione adotta un approccio proporzionato alla propria dimensione e mantiene la responsabilitÃ  sul trattamento dei dati, anche quando questi sono gestiti tramite fornitori esterni.\n\nLa supervisione Ã¨ affidata alla direzione e ai responsabili dei processi coinvolti.",,false,true,false,true,true,true,27001
69e86e0bb0ef272e56b9a1aa,5.35,Riesame indipendente della sicurezza delle informazioni,"The organizationâs approach to managing information security and its implementation including people, processes and technologies should be reviewed independently at planned intervals, or when significant changes occur.",5,Organizzativi,true,"Lâorganizzazione riconosce lâimportanza del riesame indipendente delle attivitÃ  di gestione della sicurezza delle informazioni.\n\nAttualmente, le attivitÃ  di supervisione e controllo sono svolte dalla direzione e dai responsabili dei processi, nellâambito della gestione operativa.\n\nNon Ã¨ ancora formalizzato un processo strutturato di riesame indipendente della sicurezza delle informazioni, separato dalle attivitÃ  operative.\n\nLâorganizzazione prevede di introdurre, in modo proporzionato alla propria dimensione, attivitÃ  di riesame indipendente, che potranno includere:\n\naudit interni strutturati\nverifiche periodiche dei controlli di sicurezza\neventuale coinvolgimento di soggetti esterni\n\nTali attivitÃ  saranno finalizzate a garantire una valutazione oggettiva dellâefficacia delle misure di sicurezza adottate.",,true,false,false,true,false,true,27001
69e86e0bb0ef272e56b9a17f,5.36,"ConformitÃ  con le politiche, le regole e le norme di sicurezza delle informazioni","Compliance with the organizationâs information security policy, topic-specific policies, rules and standards should be regularly reviewed.",5,Organizzativi,true,"Lâorganizzazione riconosce lâimportanza della verifica della conformitÃ  alle politiche, alle regole e alle norme di sicurezza delle informazioni definite.\n\nLe politiche e le procedure di sicurezza sono comunicate e applicate nellâambito delle attivitÃ  operative, in particolare per quanto riguarda:\n\ngestione degli accessi ai sistemi e alle informazioni\nutilizzo degli strumenti e dei servizi aziendali\nprotezione dei dati e delle informazioni aziendali e dei clienti\nsviluppo e gestione del software\n\nAttualmente, la verifica della conformitÃ  Ã¨ effettuata principalmente attraverso la supervisione della direzione e dei responsabili dei processi.\n\nNon Ã¨ ancora formalizzato un sistema strutturato di verifica e monitoraggio della conformitÃ , con strumenti o controlli periodici dedicati.\n\nLâorganizzazione prevede di introdurre, in modo proporzionato alla propria dimensione, attivitÃ  di verifica piÃ¹ strutturate, che potranno includere:\n\ncontrolli periodici sugli accessi e sulle configurazioni\nverifiche interne dei processi operativi\naudit interni sulle politiche di sicurezza",,true,false,false,true,false,true,27001
69e86e0bb0ef272e56b9a1cf,5.37,Procedure operative documentate,Operating procedures for information processing facilities should be documented and made available to personnel who need them.,5,Organizzativi,true,"Lâorganizzazione riconosce lâimportanza della definizione e documentazione delle procedure operative relative alla gestione dei sistemi, delle informazioni e delle attivitÃ  tecniche.\n\nLe attivitÃ  operative sono attualmente svolte attraverso pratiche consolidate e condivise dal personale tecnico, in particolare per quanto riguarda:\n\nsviluppo e gestione del software\nutilizzo dei sistemi e delle piattaforme cloud\ngestione degli accessi e delle configurazioni\ngestione operativa dei progetti\n\nTuttavia, tali procedure non sono ancora formalizzate in modo strutturato e documentato.\n\nLâorganizzazione prevede di definire e documentare progressivamente le procedure operative principali, con particolare riferimento a:\n\ngestione delle configurazioni\ngestione dei cambiamenti\ngestione dei sistemi e degli ambienti\nattivitÃ  operative ricorrenti\n\nLe procedure saranno rese disponibili al personale coinvolto e aggiornate in funzione delle esigenze operative.",,true,false,false,true,false,true,27001
69e86e0bb0ef272e56b9a180,6.01,Screening,"Background verification checks on all candidates to become personnel should be carried out prior to joining the organization and on an ongoing basis taking into consideration applicable laws, regulations and ethics and be proportional to the business requirements, the classification of the information to be accessed and the perceived risks.",6,Personale,true,"Lâorganizzazione riconosce lâimportanza della verifica delle competenze e dellâaffidabilitÃ  del personale e dei collaboratori coinvolti nelle attivitÃ  aziendali.\n\nAttualmente, la selezione del personale e dei collaboratori avviene attraverso:\n\nvalutazione dei CV e delle esperienze professionali\ncolloqui conoscitivi e tecnici\nvalutazione delle competenze rispetto alle attivitÃ  da svolgere\n\nNon Ã¨ ancora formalizzata una procedura strutturata di screening del personale in relazione ai requisiti di sicurezza delle informazioni.\n\nLâorganizzazione prevede di definire, in modo proporzionato alla propria dimensione, modalitÃ  di screening piÃ¹ strutturate, che potranno includere:\n\nverifica delle competenze tecniche e professionali\nvalutazione dellâaffidabilitÃ  dei collaboratori\ndefinizione di criteri minimi per lâaccesso a ruoli con accesso a informazioni sensibili",,true,false,false,true,false,true,27001
69e86e0bb0ef272e56b9a1d0,6.02,Termini e condizioni di impiego,The employment contractual agreements should state the personnelâs and the organizationâs responsibilities for information security.,6,Personale,true,"Lâorganizzazione definisce e applica termini e condizioni di impiego e collaborazione che includono aspetti relativi alla sicurezza delle informazioni.\n\nI rapporti con personale, collaboratori e fornitori prevedono:\n\nrispetto della riservatezza delle informazioni trattate\nutilizzo corretto degli strumenti e delle risorse aziendali\naccesso alle informazioni limitato in base al ruolo e alle necessitÃ  operative\n\nTali requisiti sono gestiti attraverso:\n\naccordi contrattuali e/o accordi di riservatezza (NDA)\nassegnazione controllata degli accessi ai sistemi e alle informazioni\nsupervisione da parte della direzione e dei responsabili dei processi\n\nLâorganizzazione mantiene un approccio proporzionato alla propria dimensione e alla natura delle attivitÃ  svolte.",,false,true,false,true,true,true,27001
69e86e0bb0ef272e56b9a1d1,6.03,"Consapevolezza, istruzione, formazione e addestramento sulla sicurezza delle informazioni","Personnel of the organization and relevant interested parties should receive appropriate information security awareness, education and training and regular updates of the organization's information security policy, topic-specific policies and procedures, as relevant for their job function.",6,Personale,true,"Lâorganizzazione riconosce lâimportanza della consapevolezza e della formazione del personale in materia di sicurezza delle informazioni.\n\nAttualmente, le conoscenze e le pratiche di sicurezza sono diffuse attraverso lâesperienza del personale e il coordinamento operativo tra i membri del team.\n\nNon Ã¨ ancora formalizzato un programma strutturato di formazione e sensibilizzazione sulla sicurezza delle informazioni.\n\nLâorganizzazione prevede di introdurre, in modo proporzionato alla propria dimensione, attivitÃ  di awareness e formazione, che potranno includere:\n\ncondivisione delle buone pratiche di sicurezza\nformazione sui principali rischi informatici\nindicazioni sullâutilizzo corretto degli strumenti e delle informazioni\naggiornamenti periodici sulle politiche di sicurezza",,true,false,false,true,true,true,27001
69e86e0bb0ef272e56b9a1d4,6.04,Processo disciplinare,A disciplinary process should be formalized and communicated to take actions against personnel and other relevant interested parties who have committed an information security policy violation.,6,Personale,true,"Lâorganizzazione riconosce lâimportanza della gestione delle violazioni delle politiche di sicurezza delle informazioni da parte del personale e dei collaboratori.\n\nAttualmente, eventuali comportamenti non conformi vengono gestiti direttamente dalla direzione e dai responsabili dei processi, nellâambito della gestione operativa.\n\nNon Ã¨ ancora formalizzato un processo disciplinare strutturato relativo alla sicurezza delle informazioni.\n\nLâorganizzazione prevede di definire, in modo proporzionato alla propria dimensione, modalitÃ  di gestione delle violazioni, che potranno includere:\n\nsegnalazione di comportamenti non conformi\nvalutazione dellâevento da parte della direzione\ndefinizione di azioni correttive o limitazioni degli accessi\neventuali misure contrattuali nei confronti di collaboratori o fornitori",,true,false,false,true,true,true,27001
69e86e0bb0ef272e56b9a206,6.05,ResponsabilitÃ  dopo la cessazione o variazione del rapporto di lavoro,"Information security responsibilities and duties that remain valid after termination or change of employment should be defined, enforced and communicated to relevant personnel and other interested parties.",6,Personale,true,"Lâorganizzazione gestisce le responsabilitÃ  relative alla sicurezza delle informazioni in caso di cessazione o variazione del rapporto di lavoro o collaborazione.\n\nIn particolare, sono previste le seguenti attivitÃ :\n\nrevoca o modifica degli accessi ai sistemi e alle informazioni\naggiornamento delle autorizzazioni in funzione del nuovo ruolo\ncessazione dellâaccesso agli strumenti e alle piattaforme aziendali\nmantenimento degli obblighi di riservatezza anche dopo la cessazione del rapporto\n\nTali attivitÃ  sono gestite attraverso:\n\ncontrollo centralizzato degli accessi ai sistemi e ai servizi cloud\ngestione degli account e delle autorizzazioni\naccordi contrattuali e accordi di riservatezza (NDA)\n\nLa supervisione Ã¨ affidata alla direzione e ai responsabili dei processi coinvolti.",,false,true,false,true,true,false,27001
69e86e0bb0ef272e56b9a1d5,6.06,Accordi di riservatezza o di non divulgazione,"Confidentiality or non-disclosure agreements reflecting the organizationâs needs for the protection of information should be identified, documented, regularly reviewed and signed by personnel and other relevant interested parties.",6,Personale,true,"Lâorganizzazione gestisce e tutela la riservatezza delle informazioni attraverso accordi di non divulgazione e clausole contrattuali applicabili ai rapporti con clienti, collaboratori e fornitori.\n\nIn particolare, sono previsti:\n\nobblighi di riservatezza nei contratti e negli accordi con i clienti\naccordi di non divulgazione (NDA) con collaboratori e partner, ove applicabile\nlimitazione dellâaccesso alle informazioni in base al ruolo e alle necessitÃ  operative\n\nLa protezione delle informazioni Ã¨ inoltre supportata da:\n\nutilizzo di strumenti e piattaforme con controllo degli accessi\ngestione centralizzata delle informazioni aziendali e dei dati dei clienti\nsupervisione da parte della direzione e dei responsabili dei processi\n\nLâorganizzazione mantiene un approccio proporzionato alla propria dimensione e alla natura delle attivitÃ  svolte.",,false,true,false,true,true,true,27001
69e86e0bb0ef272e56b9a207,6.07,Lavoro remoto,"Security measures should be implemented when personnel are working remotely to protect information accessed, processed or stored outside the organizationâs premises.",6,Personale,true,"Lâorganizzazione gestisce le attivitÃ  di lavoro remoto garantendo un adeguato livello di sicurezza delle informazioni.\n\nLe attivitÃ  operative sono svolte prevalentemente tramite strumenti e piattaforme cloud centralizzate, che consentono lâaccesso controllato alle informazioni indipendentemente dalla posizione fisica.\n\nLa sicurezza del lavoro remoto Ã¨ garantita attraverso:\n\nutilizzo di servizi e piattaforme cloud con autenticazione e controllo degli accessi\naccesso alle informazioni limitato in base al ruolo e alle necessitÃ  operative\nutilizzo di dispositivi personali o aziendali con accesso controllato ai sistemi\ngestione centralizzata dei dati, evitando la memorizzazione locale non controllata\n\nLa supervisione delle attivitÃ  Ã¨ affidata alla direzione e ai responsabili dei processi coinvolti.",,false,true,false,true,false,false,27001
69e86e0bb0ef272e56b9a181,6.08,Segnalazione degli eventi di sicurezza delle informazioni,The organization should provide a mechanism for personnel to report observed or suspected information security events through appropriate channels in a timely manner.,6,Personale,true,"Lâorganizzazione prevede modalitÃ  per la segnalazione di eventi o anomalie relative alla sicurezza delle informazioni.\n\nIl personale e i collaboratori possono segnalare eventi sospetti o problematiche di sicurezza attraverso i canali di comunicazione aziendali utilizzati nelle attivitÃ  operative (es. strumenti collaborativi, email, comunicazione diretta).\n\nLe segnalazioni vengono gestite dalla direzione e dai responsabili dei processi, che valutano lâevento e definiscono eventuali azioni correttive.\n\nLâorganizzazione mantiene un approccio proporzionato alla propria dimensione, garantendo che le segnalazioni possano essere effettuate in modo tempestivo e senza ostacoli operativi.",,false,true,false,true,false,true,27001
69e86e0bb0ef272e56b9a1d7,7.01,Perimetri di sicurezza fisica,Security perimeters should be defined and used to protect areas that contain information and other associated assets.,7,Fisici,true,"Lâorganizzazione definisce e mantiene un perimetro di sicurezza fisica per proteggere le aree in cui sono presenti informazioni e asset aziendali.\n\nLe attivitÃ  operative sono svolte presso sedi e uffici con accesso controllato, in cui lâingresso Ã¨ limitato al personale autorizzato.\n\nLa protezione fisica Ã¨ garantita attraverso:\n\naccesso agli uffici controllato tramite chiavi o sistemi equivalenti\npresenza di aree operative destinate alle attivitÃ  aziendali\nsupervisione degli accessi da parte del personale autorizzato\n\nLâorganizzazione adotta un approccio proporzionato alla propria dimensione e alla natura delle attivitÃ  svolte, in cui la maggior parte delle informazioni Ã¨ gestita tramite sistemi digitali e piattaforme cloud.",,false,true,false,true,false,false,27001
69e86e0bb0ef272e56b9a1ad,7.02,Accessi fisici,Secure areas should be protected by appropriate entry controls and access points.,7,Fisici,true,"Lâorganizzazione riconosce la necessitÃ  di definire perimetri di sicurezza fisica per la protezione delle aree in cui sono presenti informazioni e asset aziendali.\n\nAttualmente le attivitÃ  operative sono svolte presso sedi e uffici con accesso limitato al personale autorizzato, e la protezione fisica Ã¨ garantita attraverso:\n\naccesso agli uffici tramite chiavi o sistemi equivalenti\npresenza di aree operative dedicate\ncontrollo informale degli accessi da parte del personale\n\nNon Ã¨ ancora formalizzata una gestione strutturata dei perimetri di sicurezza fisica e dei controlli di accesso.\n\nLâorganizzazione prevede di definire e implementare misure proporzionate alla propria dimensione, tra cui:\n\nidentificazione delle aree fisiche rilevanti per la sicurezza delle informazioni\ndefinizione delle modalitÃ  di accesso agli uffici\nintroduzione di regole per la gestione degli accessi da parte di personale e visitatori",,true,false,false,true,false,true,27001
69e86e0bb0ef272e56b9a183,7.03,"Sicurezza degli uffici, stanze e strutture","Physical security for offices, rooms and facilities should be designed and implemented.",7,Fisici,true,"Lâorganizzazione riconosce la necessitÃ  di garantire la sicurezza fisica degli uffici, delle stanze e delle strutture in cui vengono svolte le attivitÃ  operative.\n\nLe attivitÃ  sono attualmente svolte in ambienti fisici dedicati, con accesso limitato al personale autorizzato.\n\nLa protezione fisica delle aree Ã¨ attualmente garantita attraverso:\n\naccesso agli uffici tramite chiavi o sistemi equivalenti\nutilizzo di spazi operativi dedicati alle attivitÃ  aziendali\nsupervisione informale degli accessi\n\nNon sono ancora state definite e formalizzate misure strutturate per la protezione delle diverse aree e per la gestione dei livelli di accesso.\n\nLâorganizzazione prevede di definire misure proporzionate alla propria dimensione, che potranno includere:\n\nidentificazione delle aree con diversi livelli di criticitÃ \ndefinizione delle modalitÃ  di accesso alle stanze e agli ambienti operativi\nintroduzione di regole per la protezione degli spazi e degli asset presenti",,true,false,false,true,false,true,27001
69e86e0bb0ef272e56b9a208,7.04,Monitoraggio della sicurezza fisica,Premises should be continuously monitored for unauthorized physical access.,7,Fisici,true,"Lâorganizzazione riconosce lâimportanza del monitoraggio della sicurezza fisica per la rilevazione di accessi non autorizzati alle aree in cui sono presenti asset e informazioni.\n\nAttualmente, il monitoraggio degli accessi fisici Ã¨ limitato a forme di controllo informale basate sulla presenza del personale e sulla supervisione diretta degli ambienti operativi.\n\nNon sono presenti sistemi strutturati di monitoraggio fisico quali sistemi di videosorveglianza, controllo accessi o sistemi di allarme.\n\nLâorganizzazione prevede di valutare lâintroduzione di misure proporzionate alla propria dimensione e al livello di rischio, che potranno includere:\n\ndefinizione di modalitÃ  di monitoraggio degli accessi agli uffici\neventuale introduzione di strumenti di controllo degli accessi\ndefinizione di responsabilitÃ  per la supervisione degli ambienti fisici",,true,false,false,true,false,false,27001
69e86e0bb0ef272e56b9a1d8,7.05,Protezione dalle minacce fisiche e ambientali,"Protection against physical and environmental threats, such as natural disasters and other intentional or unintentional physical threats to infrastructure should be designed and implemented.",7,Fisici,true,"Lâorganizzazione riconosce la necessitÃ  di proteggere gli asset e le informazioni da minacce fisiche e ambientali, quali eventi accidentali, interruzioni di alimentazione elettrica e altri fattori esterni.\n\nAttualmente, la protezione da tali minacce Ã¨ garantita principalmente attraverso:\n\nutilizzo di ambienti di lavoro standard destinati ad attivitÃ  dâufficio\ngestione prevalente delle informazioni tramite piattaforme cloud, che riducono la dipendenza da infrastrutture fisiche locali\npresenza di dispositivi informatici con protezioni di base\n\nNon sono presenti sistemi strutturati per la gestione delle minacce ambientali (es. gruppi di continuitÃ , sistemi di monitoraggio ambientale o protezioni avanzate).\n\nLâorganizzazione prevede di valutare, in modo proporzionato alla propria dimensione e al livello di rischio, lâintroduzione di misure adeguate, quali:\n\nsoluzioni per la continuitÃ  dellâalimentazione elettrica\nmisure di protezione degli ambienti di lavoro\nvalutazioni periodiche dei rischi fisici e ambientali",,true,false,false,true,false,true,27001
69e86e0bb0ef272e56b9a209,7.06,Lavorare in aree sicure,Security measures for working in secure areas should be designed and implemented.,7,Fisici,true,"Le aree in cui vengono trattate informazioni aziendali sono identificate come ambienti di lavoro ordinari (uffici e postazioni remote).\n\nSono adottate misure di sicurezza proporzionate al contesto operativo, tra cui:\n\ncontrollo degli accessi fisici agli uffici\nutilizzo di dispositivi aziendali protetti\npolitiche di clean desk e protezione delle informazioni visibili\nutilizzo di connessioni sicure per il lavoro remoto\n\nNon sono presenti aree ad alta criticitÃ  (es. data center), pertanto le misure adottate sono proporzionate ai rischi identificati.",,true,false,false,true,false,true,27001
69e86e0bb0ef272e56b9a20a,7.07,Scrivania e schermo puliti,Clear desk rules for papers and removable storage media and clear screen rules for information processing facilities should be defined and appropriately enforced.,7,Fisici,true,Lâorganizzazione definisce e adotta misure per garantire la protezione delle informazioni attraverso lâapplicazione dei principi di âscrivania pulitaâ e âschermo pulitoâ.\n\nIn particolare:\n\nil personale Ã¨ tenuto a non lasciare documenti contenenti informazioni sensibili incustoditi sulle postazioni di lavoro;\ni dispositivi devono essere bloccati automaticamente o manualmente in caso di assenza dellâutente;\nlâaccesso alle informazioni Ã¨ limitato alle sole persone autorizzate;\nlâutilizzo di dispositivi personali e ambienti condivisi Ã¨ soggetto a misure di protezione adeguate.\n\nLe regole operative sono formalizzate nelle policy interne di sicurezza e comunicate al personale.,,true,false,false,true,false,false,27001
69e86e0bb0ef272e56b9a20b,7.08,Disposizione delle apparecchiature e loro protezione,Equipment should be sited securely and protected.,7,Fisici,true,"Lâorganizzazione garantisce che le apparecchiature informatiche siano posizionate e utilizzate in modo sicuro, al fine di prevenire accessi non autorizzati, danneggiamenti o manomissioni.\n\nIn particolare:\n\ni dispositivi aziendali sono assegnati agli utenti e utilizzati in ambienti controllati o adeguatamente protetti;\nlâaccesso fisico alle postazioni di lavoro Ã¨ limitato al personale autorizzato;\ni dispositivi portatili sono gestiti secondo regole di sicurezza definite (es. uso in mobilitÃ , protezione durante il trasporto);\nvengono adottate misure di base per la protezione delle apparecchiature (es. blocco schermo, cifratura, gestione accessi);\nle apparecchiature critiche sono collocate in ambienti con adeguate misure di sicurezza fisica.",,true,false,false,true,false,false,27001
69e86e0bb0ef272e56b9a184,7.09,Sicurezza delle apparecchiature e degli asset allâesterno delle sedi,Off-site assets should be protected.,7,Fisici,true,"Lâorganizzazione adotta misure per garantire la protezione delle apparecchiature e degli asset informativi utilizzati al di fuori delle sedi aziendali.\n\nIn particolare:\n\ni dispositivi portatili sono assegnati agli utenti e protetti mediante autenticazione e cifratura;\nlâaccesso alle informazioni aziendali da remoto avviene attraverso sistemi sicuri e controllati;\nil personale Ã¨ istruito a proteggere i dispositivi durante lâutilizzo in ambienti esterni e a non lasciarli incustoditi;\nsono definite regole per il trasporto, lâutilizzo e la conservazione delle apparecchiature fuori sede;\nin caso di smarrimento o furto sono previste procedure di segnalazione e gestione dellâincidente.",,true,false,false,true,false,false,27001
69e86e0bb0ef272e56b9a1ae,7.10,Supporti di memorizzazione,"Storage media should be managed through their life cycle of acquisition, use, transportation and disposal in accordance with the organizationâs classification scheme and handling requirements.",7,Fisici,true,"Lâorganizzazione definisce e adotta misure per la gestione sicura dei supporti di memorizzazione lungo tutto il loro ciclo di vita, in conformitÃ  con le politiche di sicurezza delle informazioni.\n\nIn particolare:\n\nlâutilizzo di dispositivi di memorizzazione rimovibili Ã¨ regolamentato e limitato al personale autorizzato;\ni dati archiviati su supporti di memorizzazione sono protetti mediante misure di sicurezza adeguate (es. cifratura, controllo degli accessi);\nil trasporto dei supporti contenenti informazioni Ã¨ effettuato in modo da prevenire accessi non autorizzati o smarrimenti;\nsono definite procedure per la cancellazione sicura o la distruzione dei supporti dismessi;\nlâuso di dispositivi personali Ã¨ soggetto a specifiche regole di sicurezza.",,true,false,false,true,false,true,27001
69e86e0bb0ef272e56b9a1af,7.11,Infrastrutture di supporto,Information processing facilities should be protected from power failures and other disruptions caused by failures in supporting utilities.,7,Fisici,true,"Lâorganizzazione adotta misure proporzionate per la protezione delle infrastrutture di supporto ai sistemi informativi, al fine di ridurre i rischi derivanti da interruzioni o malfunzionamenti dei servizi ausiliari.\n\nIn particolare:\n\ni servizi IT critici sono prevalentemente erogati tramite fornitori cloud che garantiscono adeguate misure di continuitÃ  operativa;\nle postazioni di lavoro sono dotate di misure di base per la protezione da interruzioni improvvise (es. gestione corretta dello spegnimento e backup automatici);\nlâorganizzazione considera i rischi legati a alimentazione, temperatura e condizioni ambientali nei processi di gestione dei rischi;\nsono adottate misure organizzative per la gestione degli incidenti legati a indisponibilitÃ  dei servizi.",,true,false,false,true,false,false,27001
69e86e0bb0ef272e56b9a1d9,7.12,Sicurezza dei cablaggi,"Cables carrying power, data or supporting information services should be protected from interception, interference or damage.",7,Fisici,false,,"Il controllo Ã¨ applicabile ma non applicato in quanto lâorganizzazione non gestisce infrastrutture fisiche complesse o ambienti con cablaggio strutturato critico.\n\nI sistemi informativi sono principalmente erogati tramite fornitori cloud e le postazioni di lavoro utilizzano infrastrutture standard (uffici o ambienti domestici) non soggette a requisiti specifici di protezione dei cablaggi.\n\nEventuali rischi residui legati ai cablaggi sono considerati trascurabili rispetto al contesto operativo e gestiti indirettamente attraverso misure di sicurezza generali e lâutilizzo di servizi esternalizzati.",false,false,false,false,false,false,27001
69e86e0bb0ef272e56b9a1da,7.13,Manutenzione delle apparecchiature,"Equipment should be maintained correctly to ensure availability, integrity and confidentiality of information.",7,Fisici,true,"Le apparecchiature utilizzate dallâorganizzazione (principalmente dispositivi informatici quali laptop e periferiche) sono gestite e mantenute per garantire la continuitÃ  operativa e la sicurezza delle informazioni.\n\nSono adottate misure proporzionate al contesto operativo, tra cui:\n\naggiornamento periodico dei sistemi operativi e software\nsostituzione dei dispositivi obsoleti o non piÃ¹ adeguati\nutilizzo di strumenti di protezione (es. antivirus, cifratura, gestione accessi)\nbackup dei dati critici\n\nNon sono presenti infrastrutture complesse o apparati soggetti a manutenzione tecnica avanzata; le misure adottate sono pertanto proporzionate ai rischi identificati.",,true,false,false,true,false,false,27001
69e86e0bb0ef272e56b9a1b0,7.14,Dismissione sicura o riutilizzo delle apparecchiature,Items of equipment containing storage media should be verified to ensure that any sensitive data and licensed software has been removed or securely overwritten prior to disposal or re-use.,7,Fisici,true,"Le apparecchiature contenenti dati aziendali, al termine del loro ciclo di vita, sono gestite in modo da prevenire accessi non autorizzati alle informazioni.\n\nPrima della dismissione o del riutilizzo, i dispositivi di memorizzazione sono sottoposti a cancellazione sicura dei dati o distruzione fisica, ove necessario.\n\nLe attivitÃ  sono svolte tramite:\n\nreset dei dispositivi ai parametri di fabbrica\ncancellazione sicura dei dati\neventuale distruzione dei supporti non piÃ¹ utilizzabili\n\nLe misure adottate sono proporzionate alla tipologia di dispositivi utilizzati e ai rischi identificati.",,true,false,false,true,false,false,27001
69e86e0bb0ef272e56b9a1db,8.01,Dispostivi finali degli utenti,"Information stored on, processed by or accessible via user endpoint devices should be protected.",8,Tecnologici,true,"I dispositivi finali utilizzati dagli utenti (laptop, smartphone e altri endpoint) sono configurati e gestiti per garantire la protezione delle informazioni trattate.\n\nIn particolare sono adottate le seguenti misure:\n\nutilizzo di autenticazione per lâaccesso ai dispositivi e ai servizi\nconfigurazione di timeout e blocco automatico delle sessioni inattive\nutilizzo di connessioni sicure (VPN o protocolli cifrati) per lâaccesso a sistemi aziendali\nlimitazione e controllo dellâuso di dispositivi di memorizzazione removibili\naggiornamento periodico dei sistemi operativi e delle applicazioni\n\nLe misure adottate sono proporzionate al contesto operativo e ai rischi identificati.",,true,false,false,true,false,false,27001
69e86e0bb0ef272e56b9a1dc,8.02,Diritti di accesso privilegiato,The allocation and use of privileged access rights should be restricted and managed.,8,Tecnologici,true,"Lâassegnazione e lâutilizzo dei diritti di accesso privilegiato sono limitati e controllati.\n\nIn particolare:\n\ni privilegi amministrativi sono assegnati solo quando necessario e secondo il principio del minimo privilegio\ngli account privilegiati sono separati, ove possibile, dagli account standard\nlâaccesso ai sistemi critici Ã¨ protetto da meccanismi di autenticazione adeguati (es. password robuste e, ove disponibile, autenticazione a piÃ¹ fattori)\nle credenziali privilegiate sono gestite in modo sicuro e non condivise\nlâelenco degli accessi privilegiati viene mantenuto e periodicamente verificato\n\nLe modalitÃ  di gestione sono proporzionate alla dimensione e complessitÃ  dellâorganizzazione.",,true,false,false,true,false,true,27001
69e86e0bb0ef272e56b9a185,8.03,Restrizione degli accessi alle informazioni,Access to information and other associated assets should be restricted in accordance with the established topic-specific policy on access control.,8,Tecnologici,true,"Lâaccesso alle informazioni e agli asset informativi Ã¨ limitato in base alle esigenze operative e al principio del minimo privilegio.\n\nIn particolare:\n\nlâaccesso ai dati Ã¨ concesso solo agli utenti autorizzati\nle informazioni sono condivise in modo controllato, evitando accessi non necessari\nle risorse informative sono organizzate per limitare la visibilitÃ  ai soli soggetti interessati\ngli accessi vengono rivisti periodicamente in funzione delle necessitÃ  operative\n\nLe modalitÃ  di controllo sono proporzionate alla dimensione e complessitÃ  dellâorganizzazione.",,false,true,false,true,false,true,27001
69e86e0bb0ef272e56b9a20c,8.04,Controllo degli accessi al codice sorgente dei programmi,"Read and write access to source code, development tools and software libraries should be appropriately managed.",8,Tecnologici,true,"Lâaccesso al codice sorgente dei programmi Ã¨ limitato e controllato per prevenire accessi non autorizzati o modifiche non consentite.\n\nIn particolare:\n\nil codice sorgente Ã¨ accessibile solo al personale autorizzato\ni repository o sistemi di archiviazione del codice sono protetti da credenziali di accesso adeguate\nove applicabile, vengono utilizzati sistemi di versionamento (es. Git) per tracciare le modifiche\nlâaccesso al codice Ã¨ concesso in base alle esigenze operative e al principio del minimo privilegio\n\nLe modalitÃ  di gestione sono proporzionate alla dimensione e complessitÃ  dellâorganizzazione.",,false,true,false,true,false,true,27001
69e86e0bb0ef272e56b9a1b3,8.05,Autenticazione sicura,Secure authentication technologies and procedures should be implemented based on information access restrictions and the topic-specific policy on access control.,8,Tecnologici,true,"I meccanismi di autenticazione sono implementati per garantire che lâaccesso ai sistemi e alle informazioni sia consentito solo agli utenti autorizzati.\n\nIn particolare:\n\ngli accessi sono protetti da credenziali individuali (username e password)\nle password rispettano requisiti minimi di sicurezza (complessitÃ  e lunghezza)\nove disponibile, viene utilizzata lâautenticazione a piÃ¹ fattori (MFA)\nle credenziali non sono condivise tra utenti\nsono adottate misure per prevenire accessi non autorizzati\n\nLe modalitÃ  di autenticazione sono proporzionate alla dimensione e complessitÃ  dellâorganizzazione.",,false,true,false,true,false,true,27001
69e86e0bb0ef272e56b9a1b5,8.06,Gestione della capacitÃ ,The use of resources should be monitored and adjusted in line with current and expected capacity requirements.,8,Tecnologici,true,Le risorse infrastrutturali e le capacitÃ  dei sistemi utilizzati per lâerogazione dei servizi sono monitorate e gestite al fine di garantire adeguate prestazioni e continuitÃ  operativa. Eventuali esigenze di incremento delle risorse vengono valutate e pianificate in funzione dellâevoluzione dei progetti e dei carichi di lavoro.,"Lâorganizzazione utilizza prevalentemente servizi cloud e infrastrutture gestite da fornitori terzi, che si occupano della gestione e scalabilitÃ  delle risorse.\n\nNon sono presenti sistemi critici gestiti internamente che richiedano attivitÃ  formali di pianificazione e monitoraggio della capacitÃ .\n\nPertanto, il controllo non Ã¨ applicabile nel contesto operativo attuale.",true,true,false,true,false,false,27001
69e86e0bb0ef272e56b9a1de,8.07,Protezione contro il malware,Protection against malware should be implemented and supported by appropriate user awareness.,8,Tecnologici,true,"Lâorganizzazione adotta misure di protezione contro il malware sui dispositivi degli utenti, inclusi sistemi antivirus/antimalware aggiornati e configurati automaticamente.\n\nSono attivi meccanismi di aggiornamento automatico dei sistemi operativi e dei software utilizzati.\n\nVengono inoltre adottate misure di sensibilizzazione degli utenti rispetto ai rischi legati a phishing, download di file non sicuri e utilizzo improprio delle risorse informatiche.",,false,true,false,true,false,false,27001
69e86e0bb0ef272e56b9a1b7,8.08,Gestione delle vulnerabilitÃ  tecniche,"Information about technical vulnerabilities of information systems in use should be obtained, the organizationâs exposure to such vulnerabilities should be evaluated and appropriate measures should be taken.",8,Tecnologici,true,"Lâorganizzazione gestisce le vulnerabilitÃ  tecniche attraverso lâadozione di aggiornamenti regolari dei sistemi operativi e dei software utilizzati.\n\nViene effettuato il monitoraggio delle vulnerabilitÃ  note tramite fonti pubbliche e aggiornamenti dei fornitori, e le patch di sicurezza vengono applicate tempestivamente compatibilmente con il contesto operativo.\n\nSono inoltre adottate misure per garantire che i sistemi e le applicazioni siano mantenuti aggiornati e configurati in modo sicuro.",,false,true,false,true,false,true,27001
69e86e0bb0ef272e56b9a1b9,8.09,Gestione delle configurazioni sicure e dellâhardening,"Configurations, including security configurations, of hardware, software, services and networks should be established, documented, implemented, monitored and reviewed.",8,Tecnologici,true,"Lâorganizzazione adotta configurazioni sicure per sistemi, dispositivi e applicazioni utilizzate, basandosi sulle impostazioni di sicurezza raccomandate dai fornitori.\n\nSono disabilitate funzionalitÃ  non necessarie e vengono applicate configurazioni standard per garantire un adeguato livello di sicurezza.\n\nLe configurazioni vengono mantenute aggiornate e riviste nel tempo in funzione delle esigenze operative.",,true,true,false,true,false,false,27001
69e86e0bb0ef272e56b9a1ba,8.10,Cancellazione delle informazioni,"Information stored in information systems, devices or in any other storage media should be deleted when no longer required.",8,Tecnologici,true,"Lâorganizzazione prevede la cancellazione delle informazioni quando non piÃ¹ necessarie, in linea con le esigenze operative e normative.\n\nI dati vengono eliminati dai sistemi informativi e dai supporti di memorizzazione attraverso le funzionalitÃ  standard disponibili, garantendo che non rimangano accessibili oltre il periodo di utilizzo previsto.\n\nSono inoltre adottate misure per la gestione e la cancellazione degli account e dei dati associati quando non piÃ¹ necessari.",,false,true,false,true,true,true,27001
69e86e0bb0ef272e56b9a187,8.11,Mascheramento e anonimizzazione dei dati,"Data masking should be used in accordance with the organizationâs topic-specific policy on access control and other related topic-specific policies, and business requirements, taking applicable legislation into consideration.",8,Tecnologici,false,,"Lâorganizzazione non effettua trattamenti di dati personali in contesti che richiedano tecniche di mascheramento o anonimizzazione (es. ambienti di test, condivisione con terze parti o utilizzo per analisi esterne).\n\nI dati sono utilizzati esclusivamente in contesti operativi controllati e non vengono esposti o riutilizzati in modalitÃ  tali da richiedere tali misure.",false,false,false,false,false,false,27001
69e86e0bb0ef272e56b9a188,8.12,Prevenzione dalla perdita di dati,"Data leakage prevention measures should be applied to systems, networks and any other devices that process, store or transmit sensitive information.",8,Tecnologici,true,"Lâorganizzazione adotta misure per prevenire la perdita o la divulgazione non autorizzata dei dati, attraverso controlli sugli accessi, utilizzo di sistemi di backup e gestione controllata delle informazioni.\n\nI dati sono protetti da accessi non autorizzati e da perdita accidentale mediante lâutilizzo di strumenti e procedure adeguate al contesto operativo.",,false,true,false,true,false,false,27001
69e86e0bb0ef272e56b9a20d,8.13,Backup delle informazioni,"Backup copies of information, software and systems should be maintained and regularly tested in accordance with the agreed topic-specific policy on backup.",8,Tecnologici,true,"Lâorganizzazione effettua copie di backup delle informazioni rilevanti al fine di garantirne la disponibilitÃ  e il ripristino in caso di perdita o incidente.\n\nI backup sono gestiti tramite strumenti cloud, con accesso controllato e adeguate misure di protezione.",,false,true,false,true,false,true,27001
69e86e0bb0ef272e56b9a1bb,8.14,Ridondanza delle strutture di elaborazione delle informazioni,Information processing facilities should be implemented with redundancy sufficient to meet availability requirements.,8,Tecnologici,true,Lâinfrastruttura utilizzata per lâerogazione dei servizi digitali si basa su piattaforme cloud che adottano meccanismi di ridondanza e alta disponibilitÃ  per garantire la continuitÃ  operativa e ridurre il rischio di interruzione dei servizi. I dati e le risorse critiche sono ospitati su sistemi che prevedono adeguate misure di resilienza e recovery.,Lâorganizzazione non gestisce infrastrutture IT critiche o sistemi di elaborazione tali da richiedere configurazioni ridondate o ad alta disponibilitÃ .\n\nI servizi utilizzati sono basati su soluzioni cloud e strumenti standard che garantiscono giÃ  adeguati livelli di disponibilitÃ .,true,true,false,true,false,true,27001
69e86e0bb0ef272e56b9a1df,8.15,Logging,"Logs that record activities, exceptions, faults and other relevant events should be produced, stored, protected and analysed.",8,Tecnologici,true,"Lâorganizzazione utilizza sistemi che registrano gli accessi e le attivitÃ  rilevanti sugli strumenti informatici utilizzati.\n\nI log sono gestiti automaticamente dai servizi adottati e consentono la tracciabilitÃ  delle operazioni effettuate, contribuendo alla sicurezza delle informazioni.",,false,true,false,true,false,true,27001
69e86e0bb0ef272e56b9a1e2,8.16,AttivitÃ  di monitoraggio,"Networks, systems and applications should be monitored for anomalous behaviour and appropriate actions taken to evaluate potential information security incidents.",8,Tecnologici,true,"Lâorganizzazione adotta attivitÃ  di monitoraggio dei sistemi e dei servizi digitali mediante gli strumenti di logging e supervisione messi a disposizione dalle piattaforme cloud e dalle soluzioni software utilizzate. Gli eventi rilevanti vengono registrati e analizzati al fine di individuare anomalie, problemi di sicurezza e malfunzionamenti, consentendo un intervento tempestivo.","Non sono attualmente implementati sistemi strutturati di monitoraggio attivo degli eventi di sicurezza o analisi automatizzata dei log.\n\nI servizi utilizzati forniscono funzionalitÃ  di logging di base, ma non Ã¨ presente un sistema centralizzato di monitoraggio o correlazione degli eventi.",true,true,false,true,false,false,27001
69e86e0bb0ef272e56b9a189,8.17,Sincronizzazione degli orologi,The clocks of information processing systems used by the organization should be synchronized to approved time sources.,8,Tecnologici,true,"La sincronizzazione degli orologi Ã¨ gestita automaticamente dai servizi cloud e dalle piattaforme utilizzate, senza necessitÃ  nÃ© possibilitÃ  di configurazioni dirette da parte dellâorganizzazione.",,false,true,false,true,false,false,27001
69e86e0bb0ef272e56b9a18b,8.18,Uso di programmi di utilitÃ  privilegiati,The use of utility programs that can be capable of overriding system and application controls should be restricted and tightly controlled.,8,Tecnologici,true,"Lâuso di account e strumenti con privilegi elevati Ã¨ limitato agli utenti autorizzati ed Ã¨ gestito secondo il principio del minimo privilegio.\n\nGli accessi amministrativi sono concessi solo quando necessario per attivitÃ  operative e vengono utilizzati in modo controllato, evitando lâutilizzo per attivitÃ  quotidiane.",,true,false,false,true,false,true,27001
69e86e0bb0ef272e56b9a18d,8.19,Installazione del software sui sistemi di produzione,Procedures and measures should be implemented to securely manage software installation on operational systems.,8,Tecnologici,true,Lâinstallazione di software sui sistemi utilizzati dallâorganizzazione Ã¨ limitata agli utenti autorizzati e viene effettuata in modo controllato.\n\nVengono utilizzati esclusivamente software provenienti da fonti affidabili e aggiornati regolarmente per ridurre i rischi di sicurezza.,,false,true,false,true,false,false,27001
69e86e0bb0ef272e56b9a210,8.20,Sicurezza delle reti,"Networks and network devices should be secured, managed and controlled to protect information in systems and applications.",8,Tecnologici,true,L'unica infrastruttura di rete presente Ã¨ un router con password WPA2 con firewall integrato,La gestione e la sicurezza delle reti sono demandate ai fornitori dei servizi cloud e delle piattaforme utilizzate.\n\nLâorganizzazione non gestisce direttamente infrastrutture di rete o dispositivi di sicurezza di rete.,false,false,false,true,false,true,27001
69e86e0bb0ef272e56b9a1e3,8.21,Sicurezza dei servizi di rete,"Security mechanisms, service levels and service requirements of network services should be identified, implemented and monitored.",8,Tecnologici,true,"I servizi di rete utilizzati dallâorganizzazione sono forniti da piattaforme cloud e SaaS che garantiscono adeguati livelli di sicurezza, inclusi autenticazione, autorizzazione e cifratura delle comunicazioni.\n\nLâaccesso Ã¨ limitato agli utenti autorizzati e gestito",,false,true,false,true,false,true,27001
69e86e0bb0ef272e56b9a1e4,8.22,Segregazione delle reti,"Groups of information services, users and information systems should be segregated in the organizationâs networks.",8,Tecnologici,true,"Lâorganizzazione utilizza infrastrutture e servizi cloud che prevedono la separazione logica degli ambienti e dei servizi esposti, adottando meccanismi di segregazione delle reti e di isolamento delle risorse messi a disposizione dai fornitori delle piattaforme utilizzate. Lâaccesso ai servizi Ã¨ limitato agli utenti autorizzati e gestito mediante configurazioni dedicate e controlli di autenticazione.","Lâorganizzazione non implementa direttamente meccanismi di segregazione delle reti, in quanto non gestisce infrastrutture di rete proprie.\n\nI servizi utilizzati sono erogati tramite piattaforme cloud e SaaS, nelle quali la segregazione delle reti Ã¨ gestita dai fornitori in conformitÃ  alle proprie misure di sicurezza.",true,true,false,true,false,true,27001
69e86e0bb0ef272e56b9a1bc,8.23,Filtro del web,Access to external websites should be managed to reduce exposure to malicious content.,8,Tecnologici,true,Lâorganizzazione implementa sistemi di filtraggio centralizzato del traffico web con filtro alla base del router verso i maggiori siti di contenuti malevoli.,,false,false,false,true,false,false,27001
69e86e0bb0ef272e56b9a211,8.24,Uso della crittografia,"Rules for the effective use of cryptography, including cryptographic key management, should be defined and implemented.",8,Tecnologici,true,"Lâorganizzazione utilizza meccanismi di crittografia per proteggere i dati durante la trasmissione, in particolare tramite lâutilizzo di protocolli sicuri (HTTPS/TLS) nei servizi cloud e SaaS adottati.\n\nI dati sono protetti mediante le misure di sicurezza implementate dai fornitori dei servizi.","Lâorganizzazione utilizza meccanismi di crittografia per proteggere i dati durante la trasmissione, in particolare tramite lâutilizzo di protocolli sicuri (HTTPS/TLS) nei servizi cloud e SaaS adottati.\n\nI dati sono protetti mediante le misure di sicurezza implementate dai fornitori dei servizi.",false,true,false,true,false,true,27001
69e86e0bb0ef272e56b9a214,8.25,Ciclo di vita dello sviluppo sicuro,Rules for the secure development of software and systems should be established and applied.,8,Tecnologici,true,"Lâorganizzazione adotta un processo strutturato per lo sviluppo del software, che include attivitÃ  di progettazione, sviluppo, test e rilascio.\n\nIl codice Ã¨ gestito tramite sistemi di versionamento e le modifiche vengono controllate prima della messa in produzione.",,false,true,false,true,false,false,27001
69e86e0bb0ef272e56b9a18e,8.26,Requisiti di sicurezza delle applicazioni,"Information security requirements should be identified, specified and approved when developing or acquiring applications.",8,Tecnologici,true,"Durante lo sviluppo delle applicazioni vengono considerati i requisiti di sicurezza, inclusi autenticazione, controllo degli accessi e protezione dei dati.\n\nLe applicazioni sono sviluppate adottando pratiche di sicurezza adeguate al contesto operativo.",,false,true,false,true,false,true,27001
69e86e0bb0ef272e56b9a216,8.27,Principi di architettura e ingegnerizzazione dei sistemi sicuri,"Principles for engineering secure systems should be established, documented, maintained and applied to any information system development activities.",8,Tecnologici,true,"Durante la progettazione dei sistemi e delle applicazioni vengono adottati principi di architettura sicura, inclusi isolamento dei componenti, gestione degli accessi, protezione dei dati e riduzione delle superfici di attacco.\n\nLe soluzioni sono progettate considerando i rischi di sicurezza e applicando misure adeguate al contesto operativo.",,false,true,false,true,false,false,27001
69e86e0bb0ef272e56b9a1e6,8.28,Codifica sicura,Secure coding principles should be applied to software development.,8,Tecnologici,true,"Durante lo sviluppo del software vengono adottate pratiche di codifica sicura, includendo la validazione degli input, la gestione corretta degli accessi e la protezione dei dati.\n\nIl codice Ã¨ sviluppato considerando i principali rischi di sicurezza applicativa in relazione al contesto operativo.",,false,true,false,true,true,false,27001
69e86e0bb0ef272e56b9a217,8.29,Test di sicurezza durante lo sviluppo e per lâaccettazione,Security testing processes should be defined and implemented in the development life cycle.,8,Tecnologici,true,"Durante lo sviluppo delle applicazioni vengono eseguiti test funzionali e verifiche di sicurezza di base, al fine di identificare e correggere eventuali vulnerabilitÃ  prima del rilascio.\n\nLe attivitÃ  di test sono adeguate al contesto operativo e mirano a garantire un livello di sicurezza coerente con i rischi associati.",,false,true,false,true,false,false,27001
69e86e0bb0ef272e56b9a18f,8.30,Sviluppo affidato allâesterno,"The organization should direct, monitor and review the activities related to outsourced system development.",8,Tecnologici,false,,"Il controllo Ã¨ applicabile ma non applicato in quanto lo sviluppo software non Ã¨ affidato a fornitori esterni, ma gestito internamente. Pertanto, il controllo relativo alla gestione e supervisione dello sviluppo esternalizzato non risulta applicabile nel contesto aziendale.",false,false,false,false,false,false,27001
69e86e0bb0ef272e56b9a1e7,8.31,"Separazione degli ambienti di sviluppo, test e produzione","Development, testing and production environments should be separated and secured.",8,Tecnologici,true,"Gli ambienti di sviluppo, test e produzione sono logicamente separati.\nLâaccesso agli ambienti Ã¨ controllato e limitato in base ai ruoli.\nLe modifiche vengono testate in ambienti dedicati prima del rilascio in produzione.\nNon Ã¨ consentito effettuare sviluppo direttamente in ambiente di produzione.",,false,true,false,true,false,false,27001
69e86e0bb0ef272e56b9a1e9,8.32,Gestione dei cambiamenti,Changes to information processing facilities and information systems should be subject to change management procedures.,8,Tecnologici,true,"Le modifiche a sistemi, configurazioni e applicazioni sono gestite in modo controllato.\nPrima dellâintroduzione in produzione, i cambiamenti vengono valutati, testati e approvati.\nLe modifiche sono tracciate e documentate, con possibilitÃ  di ripristino in caso di problemi.",,false,true,false,true,false,false,27001
69e86e0bb0ef272e56b9a190,8.33,Dati di test,"Test information should be appropriately selected, protected and managed.",8,Tecnologici,true,"I dati utilizzati per test e sviluppo sono gestiti in modo da evitare lâutilizzo di dati reali sensibili.\nQuando necessario, i dati sono anonimizzati o sostituiti con dati fittizi.\nLâaccesso ai dati di test Ã¨ controllato e limitato al personale autorizzato.",,false,true,false,true,false,false,27001
69e86e0bb0ef272e56b9a1eb,8.34,Protezione dei sistemi informativi durante i test di audit,Audit tests and other assurance activities involving assessment of operational systems should be planned and agreed between the tester and appropriate management.,8,Tecnologici,true,"Le attivitÃ  di test, audit e verifica sui sistemi informativi sono pianificate e controllate per evitare impatti negativi sullâoperativitÃ .\nDurante tali attivitÃ  vengono adottate misure per proteggere i sistemi, i dati e le prestazioni dei servizi.\nGli accessi per audit e test sono limitati, monitorati e autorizzati.",,false,true,false,true,false,false,27001
